user_id,poi_id,predicted_score
4bf7c0404a67c928061924cf,Sun May 06 23:46:21 +0000 2012,0.5022413244168094
4bf7c0404a67c928061924cf,Sun Aug 19 11:43:20 +0000 2012,0.5022413244168094
4b205bd1f964a5202a3124e3,Thu Apr 12 09:58:27 +0000 2012,0.6224159031326124
4b1baa07f964a52084fc23e3,Mon Apr 15 23:32:54 +0000 2013,0.7843043602262196
4b11fc01f964a520d68723e3,Fri Jan 11 02:50:28 +0000 2013,0.5110407580178463
